{
    "model_filename": "vit_binary_2ep_lr5e-05_sup_augFalse_bnFalse.pth",
    "model_architecture": "vit",
    "classification_type": "binary",
    "num_classes_model": 1,
    "test_accuracy": 0.9972826086956522,
    "test_loss": 0.19544156025285306,
    "classification_report": {
        "Cat": {
            "precision": 1.0,
            "recall": 0.9917695473251029,
            "f1-score": 0.9958677685950413,
            "support": 243.0
        },
        "Dog": {
            "precision": 0.9959595959595959,
            "recall": 1.0,
            "f1-score": 0.9979757085020243,
            "support": 493.0
        },
        "accuracy": 0.9972826086956522,
        "macro avg": {
            "precision": 0.997979797979798,
            "recall": 0.9958847736625515,
            "f1-score": 0.9969217385485328,
            "support": 736.0
        },
        "weighted avg": {
            "precision": 0.9972935880544577,
            "recall": 0.9972826086956522,
            "f1-score": 0.9972797446468655,
            "support": 736.0
        }
    },
    "roc_auc": 0.9997996644379336,
    "pr_auc": 0.9998989800035523,
    "roc_auc_ovr_weighted": null
}