{
    "model_filename": "vit_multiclass_3ep_lr5e-05_sup_vitlayers6_augFalse_bnFalse_gradmon.pth",
    "model_architecture": "vit",
    "classification_type": "multiclass",
    "num_classes_model": 37,
    "test_accuracy": 0.9320652173913043,
    "test_loss": 0.2077200290463541,
    "classification_report": {
        "Breed_0": {
            "precision": 0.9523809523809523,
            "recall": 0.9090909090909091,
            "f1-score": 0.9302325581395349,
            "support": 22.0
        },
        "Breed_1": {
            "precision": 0.95,
            "recall": 0.9047619047619048,
            "f1-score": 0.926829268292683,
            "support": 21.0
        },
        "Breed_2": {
            "precision": 0.95,
            "recall": 0.7037037037037037,
            "f1-score": 0.8085106382978723,
            "support": 27.0
        },
        "Breed_3": {
            "precision": 0.9130434782608695,
            "recall": 0.9545454545454546,
            "f1-score": 0.9333333333333333,
            "support": 22.0
        },
        "Breed_4": {
            "precision": 1.0,
            "recall": 0.8095238095238095,
            "f1-score": 0.8947368421052632,
            "support": 21.0
        },
        "Breed_5": {
            "precision": 0.9090909090909091,
            "recall": 1.0,
            "f1-score": 0.9523809523809523,
            "support": 20.0
        },
        "Breed_6": {
            "precision": 0.8,
            "recall": 0.8,
            "f1-score": 0.8,
            "support": 20.0
        },
        "Breed_7": {
            "precision": 1.0,
            "recall": 1.0,
            "f1-score": 1.0,
            "support": 21.0
        },
        "Breed_8": {
            "precision": 0.8461538461538461,
            "recall": 0.9565217391304348,
            "f1-score": 0.8979591836734694,
            "support": 23.0
        },
        "Breed_9": {
            "precision": 0.875,
            "recall": 0.9333333333333333,
            "f1-score": 0.9032258064516129,
            "support": 15.0
        },
        "Breed_10": {
            "precision": 0.9473684210526315,
            "recall": 0.8571428571428571,
            "f1-score": 0.9,
            "support": 21.0
        },
        "Breed_11": {
            "precision": 1.0,
            "recall": 0.9444444444444444,
            "f1-score": 0.9714285714285714,
            "support": 18.0
        },
        "Breed_12": {
            "precision": 0.9,
            "recall": 0.9473684210526315,
            "f1-score": 0.9230769230769231,
            "support": 19.0
        },
        "Breed_13": {
            "precision": 1.0,
            "recall": 1.0,
            "f1-score": 1.0,
            "support": 17.0
        },
        "Breed_14": {
            "precision": 1.0,
            "recall": 0.9444444444444444,
            "f1-score": 0.9714285714285714,
            "support": 18.0
        },
        "Breed_15": {
            "precision": 0.9166666666666666,
            "recall": 1.0,
            "f1-score": 0.9565217391304348,
            "support": 11.0
        },
        "Breed_16": {
            "precision": 0.9444444444444444,
            "recall": 1.0,
            "f1-score": 0.9714285714285714,
            "support": 17.0
        },
        "Breed_17": {
            "precision": 0.9375,
            "recall": 1.0,
            "f1-score": 0.967741935483871,
            "support": 15.0
        },
        "Breed_18": {
            "precision": 0.9166666666666666,
            "recall": 1.0,
            "f1-score": 0.9565217391304348,
            "support": 22.0
        },
        "Breed_19": {
            "precision": 1.0,
            "recall": 1.0,
            "f1-score": 1.0,
            "support": 17.0
        },
        "Breed_20": {
            "precision": 0.9473684210526315,
            "recall": 1.0,
            "f1-score": 0.972972972972973,
            "support": 18.0
        },
        "Breed_21": {
            "precision": 0.7777777777777778,
            "recall": 1.0,
            "f1-score": 0.875,
            "support": 21.0
        },
        "Breed_22": {
            "precision": 1.0,
            "recall": 0.9230769230769231,
            "f1-score": 0.96,
            "support": 26.0
        },
        "Breed_23": {
            "precision": 0.9230769230769231,
            "recall": 0.9230769230769231,
            "f1-score": 0.9230769230769231,
            "support": 13.0
        },
        "Breed_24": {
            "precision": 0.95,
            "recall": 0.9047619047619048,
            "f1-score": 0.926829268292683,
            "support": 21.0
        },
        "Breed_25": {
            "precision": 1.0,
            "recall": 1.0,
            "f1-score": 1.0,
            "support": 21.0
        },
        "Breed_26": {
            "precision": 0.9259259259259259,
            "recall": 0.8064516129032258,
            "f1-score": 0.8620689655172413,
            "support": 31.0
        },
        "Breed_27": {
            "precision": 0.8928571428571429,
            "recall": 0.9615384615384616,
            "f1-score": 0.9259259259259259,
            "support": 26.0
        },
        "Breed_28": {
            "precision": 0.9375,
            "recall": 0.9375,
            "f1-score": 0.9375,
            "support": 16.0
        },
        "Breed_29": {
            "precision": 1.0,
            "recall": 0.8947368421052632,
            "f1-score": 0.9444444444444444,
            "support": 19.0
        },
        "Breed_30": {
            "precision": 0.8636363636363636,
            "recall": 1.0,
            "f1-score": 0.926829268292683,
            "support": 19.0
        },
        "Breed_31": {
            "precision": 1.0,
            "recall": 0.9259259259259259,
            "f1-score": 0.9615384615384616,
            "support": 27.0
        },
        "Breed_32": {
            "precision": 0.8947368421052632,
            "recall": 0.9444444444444444,
            "f1-score": 0.918918918918919,
            "support": 18.0
        },
        "Breed_33": {
            "precision": 1.0,
            "recall": 1.0,
            "f1-score": 1.0,
            "support": 21.0
        },
        "Breed_34": {
            "precision": 0.7368421052631579,
            "recall": 0.9333333333333333,
            "f1-score": 0.8235294117647058,
            "support": 15.0
        },
        "Breed_35": {
            "precision": 1.0,
            "recall": 0.95,
            "f1-score": 0.9743589743589743,
            "support": 20.0
        },
        "Breed_36": {
            "precision": 1.0,
            "recall": 0.9411764705882353,
            "f1-score": 0.9696969696969697,
            "support": 17.0
        },
        "accuracy": 0.9320652173913043,
        "macro avg": {
            "precision": 0.9353523482814101,
            "recall": 0.9381325368359072,
            "f1-score": 0.934271544286027,
            "support": 736.0
        },
        "weighted avg": {
            "precision": 0.936944872950191,
            "recall": 0.9320652173913043,
            "f1-score": 0.9318303038407272,
            "support": 736.0
        }
    },
    "roc_auc": null,
    "pr_auc": null,
    "roc_auc_ovr_weighted": 0.9992634881638023
}