{
    "model_filename": "vit_multiclass_2ep_lr5e-05_sup_vitlayers3_augFalse_bnFalse_gradmon.pth",
    "model_architecture": "vit",
    "classification_type": "multiclass",
    "num_classes_model": 37,
    "test_accuracy": 0.9429347826086957,
    "test_loss": 0.2138081659441409,
    "classification_report": {
        "Breed_0": {
            "precision": 1.0,
            "recall": 1.0,
            "f1-score": 1.0,
            "support": 22.0
        },
        "Breed_1": {
            "precision": 1.0,
            "recall": 0.8095238095238095,
            "f1-score": 0.8947368421052632,
            "support": 21.0
        },
        "Breed_2": {
            "precision": 0.8461538461538461,
            "recall": 0.8148148148148148,
            "f1-score": 0.8301886792452831,
            "support": 27.0
        },
        "Breed_3": {
            "precision": 1.0,
            "recall": 1.0,
            "f1-score": 1.0,
            "support": 22.0
        },
        "Breed_4": {
            "precision": 1.0,
            "recall": 0.9523809523809523,
            "f1-score": 0.975609756097561,
            "support": 21.0
        },
        "Breed_5": {
            "precision": 0.7307692307692307,
            "recall": 0.95,
            "f1-score": 0.8260869565217391,
            "support": 20.0
        },
        "Breed_6": {
            "precision": 0.9047619047619048,
            "recall": 0.95,
            "f1-score": 0.926829268292683,
            "support": 20.0
        },
        "Breed_7": {
            "precision": 0.9545454545454546,
            "recall": 1.0,
            "f1-score": 0.9767441860465116,
            "support": 21.0
        },
        "Breed_8": {
            "precision": 0.875,
            "recall": 0.9130434782608695,
            "f1-score": 0.8936170212765957,
            "support": 23.0
        },
        "Breed_9": {
            "precision": 0.8666666666666667,
            "recall": 0.8666666666666667,
            "f1-score": 0.8666666666666667,
            "support": 15.0
        },
        "Breed_10": {
            "precision": 0.9523809523809523,
            "recall": 0.9523809523809523,
            "f1-score": 0.9523809523809523,
            "support": 21.0
        },
        "Breed_11": {
            "precision": 0.9230769230769231,
            "recall": 0.6666666666666666,
            "f1-score": 0.7741935483870968,
            "support": 18.0
        },
        "Breed_12": {
            "precision": 0.9047619047619048,
            "recall": 1.0,
            "f1-score": 0.95,
            "support": 19.0
        },
        "Breed_13": {
            "precision": 1.0,
            "recall": 1.0,
            "f1-score": 1.0,
            "support": 17.0
        },
        "Breed_14": {
            "precision": 1.0,
            "recall": 0.8888888888888888,
            "f1-score": 0.9411764705882353,
            "support": 18.0
        },
        "Breed_15": {
            "precision": 0.9166666666666666,
            "recall": 1.0,
            "f1-score": 0.9565217391304348,
            "support": 11.0
        },
        "Breed_16": {
            "precision": 0.9411764705882353,
            "recall": 0.9411764705882353,
            "f1-score": 0.9411764705882353,
            "support": 17.0
        },
        "Breed_17": {
            "precision": 1.0,
            "recall": 0.9333333333333333,
            "f1-score": 0.9655172413793104,
            "support": 15.0
        },
        "Breed_18": {
            "precision": 1.0,
            "recall": 1.0,
            "f1-score": 1.0,
            "support": 22.0
        },
        "Breed_19": {
            "precision": 1.0,
            "recall": 1.0,
            "f1-score": 1.0,
            "support": 17.0
        },
        "Breed_20": {
            "precision": 0.9411764705882353,
            "recall": 0.8888888888888888,
            "f1-score": 0.9142857142857143,
            "support": 18.0
        },
        "Breed_21": {
            "precision": 0.875,
            "recall": 1.0,
            "f1-score": 0.9333333333333333,
            "support": 21.0
        },
        "Breed_22": {
            "precision": 1.0,
            "recall": 0.9615384615384616,
            "f1-score": 0.9803921568627451,
            "support": 26.0
        },
        "Breed_23": {
            "precision": 1.0,
            "recall": 0.9230769230769231,
            "f1-score": 0.96,
            "support": 13.0
        },
        "Breed_24": {
            "precision": 1.0,
            "recall": 1.0,
            "f1-score": 1.0,
            "support": 21.0
        },
        "Breed_25": {
            "precision": 1.0,
            "recall": 1.0,
            "f1-score": 1.0,
            "support": 21.0
        },
        "Breed_26": {
            "precision": 0.9642857142857143,
            "recall": 0.8709677419354839,
            "f1-score": 0.9152542372881356,
            "support": 31.0
        },
        "Breed_27": {
            "precision": 0.96,
            "recall": 0.9230769230769231,
            "f1-score": 0.9411764705882353,
            "support": 26.0
        },
        "Breed_28": {
            "precision": 1.0,
            "recall": 1.0,
            "f1-score": 1.0,
            "support": 16.0
        },
        "Breed_29": {
            "precision": 1.0,
            "recall": 0.9473684210526315,
            "f1-score": 0.972972972972973,
            "support": 19.0
        },
        "Breed_30": {
            "precision": 0.95,
            "recall": 1.0,
            "f1-score": 0.9743589743589743,
            "support": 19.0
        },
        "Breed_31": {
            "precision": 1.0,
            "recall": 1.0,
            "f1-score": 1.0,
            "support": 27.0
        },
        "Breed_32": {
            "precision": 0.8181818181818182,
            "recall": 1.0,
            "f1-score": 0.9,
            "support": 18.0
        },
        "Breed_33": {
            "precision": 1.0,
            "recall": 0.9523809523809523,
            "f1-score": 0.975609756097561,
            "support": 21.0
        },
        "Breed_34": {
            "precision": 0.6842105263157895,
            "recall": 0.8666666666666667,
            "f1-score": 0.7647058823529411,
            "support": 15.0
        },
        "Breed_35": {
            "precision": 1.0,
            "recall": 1.0,
            "f1-score": 1.0,
            "support": 20.0
        },
        "Breed_36": {
            "precision": 1.0,
            "recall": 0.9411764705882353,
            "f1-score": 0.9696969696969697,
            "support": 17.0
        },
        "accuracy": 0.9429347826086957,
        "macro avg": {
            "precision": 0.9461841770200903,
            "recall": 0.9436220941273067,
            "f1-score": 0.9425197909876797,
            "support": 736.0
        },
        "weighted avg": {
            "precision": 0.9481330020066308,
            "recall": 0.9429347826086957,
            "f1-score": 0.9432880869721307,
            "support": 736.0
        }
    },
    "roc_auc": null,
    "pr_auc": null,
    "roc_auc_ovr_weighted": 0.9994123072841319
}