{
    "model_filename": "vit_multiclass_3ep_lr5e-05_sup_vitlayersGradualUnfreeze_augFalse_bnFalse_gradmon.pth",
    "model_architecture": "vit",
    "classification_type": "multiclass",
    "num_classes_model": 37,
    "test_accuracy": 0.936141304347826,
    "test_loss": 0.1908093488410763,
    "classification_report": {
        "Breed_0": {
            "precision": 1.0,
            "recall": 0.9090909090909091,
            "f1-score": 0.9523809523809523,
            "support": 22.0
        },
        "Breed_1": {
            "precision": 0.9444444444444444,
            "recall": 0.8095238095238095,
            "f1-score": 0.8717948717948718,
            "support": 21.0
        },
        "Breed_2": {
            "precision": 0.8461538461538461,
            "recall": 0.8148148148148148,
            "f1-score": 0.8301886792452831,
            "support": 27.0
        },
        "Breed_3": {
            "precision": 1.0,
            "recall": 1.0,
            "f1-score": 1.0,
            "support": 22.0
        },
        "Breed_4": {
            "precision": 1.0,
            "recall": 0.8571428571428571,
            "f1-score": 0.9230769230769231,
            "support": 21.0
        },
        "Breed_5": {
            "precision": 0.8333333333333334,
            "recall": 1.0,
            "f1-score": 0.9090909090909091,
            "support": 20.0
        },
        "Breed_6": {
            "precision": 0.75,
            "recall": 0.9,
            "f1-score": 0.8181818181818182,
            "support": 20.0
        },
        "Breed_7": {
            "precision": 0.9545454545454546,
            "recall": 1.0,
            "f1-score": 0.9767441860465116,
            "support": 21.0
        },
        "Breed_8": {
            "precision": 0.9166666666666666,
            "recall": 0.9565217391304348,
            "f1-score": 0.9361702127659575,
            "support": 23.0
        },
        "Breed_9": {
            "precision": 1.0,
            "recall": 0.8666666666666667,
            "f1-score": 0.9285714285714286,
            "support": 15.0
        },
        "Breed_10": {
            "precision": 0.9523809523809523,
            "recall": 0.9523809523809523,
            "f1-score": 0.9523809523809523,
            "support": 21.0
        },
        "Breed_11": {
            "precision": 1.0,
            "recall": 0.7777777777777778,
            "f1-score": 0.875,
            "support": 18.0
        },
        "Breed_12": {
            "precision": 1.0,
            "recall": 1.0,
            "f1-score": 1.0,
            "support": 19.0
        },
        "Breed_13": {
            "precision": 1.0,
            "recall": 1.0,
            "f1-score": 1.0,
            "support": 17.0
        },
        "Breed_14": {
            "precision": 0.9411764705882353,
            "recall": 0.8888888888888888,
            "f1-score": 0.9142857142857143,
            "support": 18.0
        },
        "Breed_15": {
            "precision": 0.8461538461538461,
            "recall": 1.0,
            "f1-score": 0.9166666666666666,
            "support": 11.0
        },
        "Breed_16": {
            "precision": 0.9444444444444444,
            "recall": 1.0,
            "f1-score": 0.9714285714285714,
            "support": 17.0
        },
        "Breed_17": {
            "precision": 1.0,
            "recall": 1.0,
            "f1-score": 1.0,
            "support": 15.0
        },
        "Breed_18": {
            "precision": 0.9523809523809523,
            "recall": 0.9090909090909091,
            "f1-score": 0.9302325581395349,
            "support": 22.0
        },
        "Breed_19": {
            "precision": 0.9444444444444444,
            "recall": 1.0,
            "f1-score": 0.9714285714285714,
            "support": 17.0
        },
        "Breed_20": {
            "precision": 0.8947368421052632,
            "recall": 0.9444444444444444,
            "f1-score": 0.918918918918919,
            "support": 18.0
        },
        "Breed_21": {
            "precision": 0.875,
            "recall": 1.0,
            "f1-score": 0.9333333333333333,
            "support": 21.0
        },
        "Breed_22": {
            "precision": 0.9285714285714286,
            "recall": 1.0,
            "f1-score": 0.9629629629629629,
            "support": 26.0
        },
        "Breed_23": {
            "precision": 1.0,
            "recall": 0.9230769230769231,
            "f1-score": 0.96,
            "support": 13.0
        },
        "Breed_24": {
            "precision": 0.9473684210526315,
            "recall": 0.8571428571428571,
            "f1-score": 0.9,
            "support": 21.0
        },
        "Breed_25": {
            "precision": 1.0,
            "recall": 1.0,
            "f1-score": 1.0,
            "support": 21.0
        },
        "Breed_26": {
            "precision": 0.9230769230769231,
            "recall": 0.7741935483870968,
            "f1-score": 0.8421052631578947,
            "support": 31.0
        },
        "Breed_27": {
            "precision": 0.9285714285714286,
            "recall": 1.0,
            "f1-score": 0.9629629629629629,
            "support": 26.0
        },
        "Breed_28": {
            "precision": 1.0,
            "recall": 0.9375,
            "f1-score": 0.967741935483871,
            "support": 16.0
        },
        "Breed_29": {
            "precision": 0.9473684210526315,
            "recall": 0.9473684210526315,
            "f1-score": 0.9473684210526315,
            "support": 19.0
        },
        "Breed_30": {
            "precision": 0.8636363636363636,
            "recall": 1.0,
            "f1-score": 0.926829268292683,
            "support": 19.0
        },
        "Breed_31": {
            "precision": 0.9615384615384616,
            "recall": 0.9259259259259259,
            "f1-score": 0.9433962264150944,
            "support": 27.0
        },
        "Breed_32": {
            "precision": 0.9,
            "recall": 1.0,
            "f1-score": 0.9473684210526315,
            "support": 18.0
        },
        "Breed_33": {
            "precision": 1.0,
            "recall": 1.0,
            "f1-score": 1.0,
            "support": 21.0
        },
        "Breed_34": {
            "precision": 0.8235294117647058,
            "recall": 0.9333333333333333,
            "f1-score": 0.875,
            "support": 15.0
        },
        "Breed_35": {
            "precision": 1.0,
            "recall": 0.95,
            "f1-score": 0.9743589743589743,
            "support": 20.0
        },
        "Breed_36": {
            "precision": 1.0,
            "recall": 0.9411764705882353,
            "f1-score": 0.9696969696969697,
            "support": 17.0
        },
        "accuracy": 0.936141304347826,
        "macro avg": {
            "precision": 0.941068177213688,
            "recall": 0.9398935472556612,
            "f1-score": 0.9380990992749618,
            "support": 736.0
        },
        "weighted avg": {
            "precision": 0.9401996902376538,
            "recall": 0.936141304347826,
            "f1-score": 0.9358374703247874,
            "support": 736.0
        }
    },
    "roc_auc": null,
    "pr_auc": null,
    "roc_auc_ovr_weighted": 0.9993181572747268
}