{
    "model_filename": "vit_multiclass_2ep_lr5e-05_sup_vitlayers0_augFalse_bnFalse_gradmon.pth",
    "model_architecture": "vit",
    "classification_type": "multiclass",
    "num_classes_model": 37,
    "test_accuracy": 0.8586956521739131,
    "test_loss": 1.2573729649834011,
    "classification_report": {
        "Breed_0": {
            "precision": 0.9166666666666666,
            "recall": 1.0,
            "f1-score": 0.9565217391304348,
            "support": 22.0
        },
        "Breed_1": {
            "precision": 0.8333333333333334,
            "recall": 0.47619047619047616,
            "f1-score": 0.6060606060606061,
            "support": 21.0
        },
        "Breed_2": {
            "precision": 0.7419354838709677,
            "recall": 0.8518518518518519,
            "f1-score": 0.7931034482758621,
            "support": 27.0
        },
        "Breed_3": {
            "precision": 0.9565217391304348,
            "recall": 1.0,
            "f1-score": 0.9777777777777777,
            "support": 22.0
        },
        "Breed_4": {
            "precision": 1.0,
            "recall": 0.8095238095238095,
            "f1-score": 0.8947368421052632,
            "support": 21.0
        },
        "Breed_5": {
            "precision": 0.7647058823529411,
            "recall": 0.65,
            "f1-score": 0.7027027027027027,
            "support": 20.0
        },
        "Breed_6": {
            "precision": 0.6,
            "recall": 0.9,
            "f1-score": 0.72,
            "support": 20.0
        },
        "Breed_7": {
            "precision": 0.7037037037037037,
            "recall": 0.9047619047619048,
            "f1-score": 0.7916666666666666,
            "support": 21.0
        },
        "Breed_8": {
            "precision": 0.7,
            "recall": 0.9130434782608695,
            "f1-score": 0.7924528301886793,
            "support": 23.0
        },
        "Breed_9": {
            "precision": 0.6153846153846154,
            "recall": 0.5333333333333333,
            "f1-score": 0.5714285714285714,
            "support": 15.0
        },
        "Breed_10": {
            "precision": 0.9090909090909091,
            "recall": 0.9523809523809523,
            "f1-score": 0.9302325581395349,
            "support": 21.0
        },
        "Breed_11": {
            "precision": 0.6818181818181818,
            "recall": 0.8333333333333334,
            "f1-score": 0.75,
            "support": 18.0
        },
        "Breed_12": {
            "precision": 0.95,
            "recall": 1.0,
            "f1-score": 0.9743589743589743,
            "support": 19.0
        },
        "Breed_13": {
            "precision": 1.0,
            "recall": 1.0,
            "f1-score": 1.0,
            "support": 17.0
        },
        "Breed_14": {
            "precision": 1.0,
            "recall": 0.9444444444444444,
            "f1-score": 0.9714285714285714,
            "support": 18.0
        },
        "Breed_15": {
            "precision": 0.8461538461538461,
            "recall": 1.0,
            "f1-score": 0.9166666666666666,
            "support": 11.0
        },
        "Breed_16": {
            "precision": 0.85,
            "recall": 1.0,
            "f1-score": 0.918918918918919,
            "support": 17.0
        },
        "Breed_17": {
            "precision": 1.0,
            "recall": 0.9333333333333333,
            "f1-score": 0.9655172413793104,
            "support": 15.0
        },
        "Breed_18": {
            "precision": 1.0,
            "recall": 0.9090909090909091,
            "f1-score": 0.9523809523809523,
            "support": 22.0
        },
        "Breed_19": {
            "precision": 0.8888888888888888,
            "recall": 0.9411764705882353,
            "f1-score": 0.9142857142857143,
            "support": 17.0
        },
        "Breed_20": {
            "precision": 0.8181818181818182,
            "recall": 0.5,
            "f1-score": 0.6206896551724138,
            "support": 18.0
        },
        "Breed_21": {
            "precision": 0.8695652173913043,
            "recall": 0.9523809523809523,
            "f1-score": 0.9090909090909091,
            "support": 21.0
        },
        "Breed_22": {
            "precision": 1.0,
            "recall": 0.9230769230769231,
            "f1-score": 0.96,
            "support": 26.0
        },
        "Breed_23": {
            "precision": 0.8666666666666667,
            "recall": 1.0,
            "f1-score": 0.9285714285714286,
            "support": 13.0
        },
        "Breed_24": {
            "precision": 0.9523809523809523,
            "recall": 0.9523809523809523,
            "f1-score": 0.9523809523809523,
            "support": 21.0
        },
        "Breed_25": {
            "precision": 1.0,
            "recall": 1.0,
            "f1-score": 1.0,
            "support": 21.0
        },
        "Breed_26": {
            "precision": 0.7391304347826086,
            "recall": 0.5483870967741935,
            "f1-score": 0.6296296296296297,
            "support": 31.0
        },
        "Breed_27": {
            "precision": 0.6956521739130435,
            "recall": 0.6153846153846154,
            "f1-score": 0.6530612244897959,
            "support": 26.0
        },
        "Breed_28": {
            "precision": 1.0,
            "recall": 0.9375,
            "f1-score": 0.967741935483871,
            "support": 16.0
        },
        "Breed_29": {
            "precision": 1.0,
            "recall": 1.0,
            "f1-score": 1.0,
            "support": 19.0
        },
        "Breed_30": {
            "precision": 0.95,
            "recall": 1.0,
            "f1-score": 0.9743589743589743,
            "support": 19.0
        },
        "Breed_31": {
            "precision": 0.84375,
            "recall": 1.0,
            "f1-score": 0.9152542372881356,
            "support": 27.0
        },
        "Breed_32": {
            "precision": 0.7619047619047619,
            "recall": 0.8888888888888888,
            "f1-score": 0.8205128205128205,
            "support": 18.0
        },
        "Breed_33": {
            "precision": 0.9375,
            "recall": 0.7142857142857143,
            "f1-score": 0.8108108108108109,
            "support": 21.0
        },
        "Breed_34": {
            "precision": 0.75,
            "recall": 0.6,
            "f1-score": 0.6666666666666666,
            "support": 15.0
        },
        "Breed_35": {
            "precision": 1.0,
            "recall": 0.85,
            "f1-score": 0.918918918918919,
            "support": 20.0
        },
        "Breed_36": {
            "precision": 1.0,
            "recall": 0.9411764705882353,
            "f1-score": 0.9696969696969697,
            "support": 17.0
        },
        "accuracy": 0.8586956521739131,
        "macro avg": {
            "precision": 0.8687279804220444,
            "recall": 0.864214213806863,
            "f1-score": 0.8593952949991218,
            "support": 736.0
        },
        "weighted avg": {
            "precision": 0.8657137936189407,
            "recall": 0.8586956521739131,
            "f1-score": 0.8549446999383195,
            "support": 736.0
        }
    },
    "roc_auc": null,
    "pr_auc": null,
    "roc_auc_ovr_weighted": 0.9950270757747363
}