{
    "model_filename": "vit_binary_1ep_lr5e-05_sup_augFalse_bnFalse.pth",
    "model_architecture": "vit",
    "classification_type": "binary",
    "num_classes_model": 1,
    "accuracy": 0.998641304347826,
    "classification_report": {
        "Cat": {
            "precision": 1.0,
            "recall": 0.9958847736625515,
            "f1-score": 0.9979381443298969,
            "support": 243.0
        },
        "Dog": {
            "precision": 0.9979757085020243,
            "recall": 1.0,
            "f1-score": 0.9989868287740629,
            "support": 493.0
        },
        "accuracy": 0.998641304347826,
        "macro avg": {
            "precision": 0.9989878542510122,
            "recall": 0.9979423868312758,
            "f1-score": 0.9984624865519799,
            "support": 736.0
        },
        "weighted avg": {
            "precision": 0.9986440547438831,
            "recall": 0.998641304347826,
            "f1-score": 0.9986405919263287,
            "support": 736.0
        }
    },
    "roc_auc": 1.0,
    "pr_auc": 1.0,
    "roc_auc_ovr_weighted": null
}