{
    "model_filename": "vit_binary_1ep_lr5e-05_sup_augFalse_bnFalse.pth",
    "model_architecture": "vit",
    "classification_type": "binary",
    "num_classes_model": 1,
    "test_accuracy": 0.9850543478260869,
    "test_loss": 0.33775517085324164,
    "classification_report": {
        "Cat": {
            "precision": 0.9754098360655737,
            "recall": 0.9794238683127572,
            "f1-score": 0.9774127310061602,
            "support": 243.0
        },
        "Dog": {
            "precision": 0.9898373983739838,
            "recall": 0.9878296146044625,
            "f1-score": 0.9888324873096447,
            "support": 493.0
        },
        "accuracy": 0.9850543478260869,
        "macro avg": {
            "precision": 0.9826236172197788,
            "recall": 0.9836267414586098,
            "f1-score": 0.9831226091579024,
            "support": 736.0
        },
        "weighted avg": {
            "precision": 0.9850739504922668,
            "recall": 0.9850543478260869,
            "f1-score": 0.9850621058127061,
            "support": 736.0
        }
    },
    "roc_auc": 0.9973288591724472,
    "pr_auc": 0.9984088750757489,
    "roc_auc_ovr_weighted": null
}