{
    "model_filename": "vit_binary_1ep_lr5e-05_sup_augFalse_bnFalse.pth",
    "model_architecture": "vit",
    "classification_type": "binary",
    "num_classes_model": 1,
    "test_accuracy": 0.9782608695652174,
    "test_loss": 0.32994939322056976,
    "classification_report": {
        "Cat": {
            "precision": 0.9829787234042553,
            "recall": 0.9506172839506173,
            "f1-score": 0.9665271966527197,
            "support": 243.0
        },
        "Dog": {
            "precision": 0.9760479041916168,
            "recall": 0.9918864097363083,
            "f1-score": 0.9839034205231388,
            "support": 493.0
        },
        "accuracy": 0.9782608695652174,
        "macro avg": {
            "precision": 0.979513313797936,
            "recall": 0.9712518468434628,
            "f1-score": 0.9752153085879293,
            "support": 736.0
        },
        "weighted avg": {
            "precision": 0.9783362045566592,
            "recall": 0.9782608695652174,
            "f1-score": 0.9781664335659216,
            "support": 736.0
        }
    },
    "roc_auc": 0.9934807469177539,
    "pr_auc": 0.9948683469007876,
    "roc_auc_ovr_weighted": null
}