{
    "model_filename": "vit_binary_1ep_lr3e-05_sup_augFalse_bnFalse.pth",
    "model_architecture": "vit",
    "classification_type": "binary",
    "num_classes_model": 1,
    "accuracy": 0.998641304347826,
    "classification_report": {
        "Cat": {
            "precision": 0.9959016393442623,
            "recall": 1.0,
            "f1-score": 0.997946611909651,
            "support": 243.0
        },
        "Dog": {
            "precision": 1.0,
            "recall": 0.9979716024340771,
            "f1-score": 0.9989847715736041,
            "support": 493.0
        },
        "accuracy": 0.998641304347826,
        "macro avg": {
            "precision": 0.9979508196721312,
            "recall": 0.9989858012170385,
            "f1-score": 0.9984656917416275,
            "support": 736.0
        },
        "weighted avg": {
            "precision": 0.99864687277263,
            "recall": 0.998641304347826,
            "f1-score": 0.9986420096193369,
            "support": 736.0
        }
    },
    "roc_auc": 1.0,
    "pr_auc": 1.0,
    "roc_auc_ovr_weighted": null
}