{
    "model_filename": "vit_multiclass_5ep_lr5e-05_sup_vitlayers6_augTrue_bnFalse_gradmon.pth",
    "model_architecture": "vit",
    "classification_type": "multiclass",
    "num_classes_model": 37,
    "test_accuracy": 0.9334239130434783,
    "test_loss": 0.20855451642495135,
    "classification_report": {
        "Breed_0": {
            "precision": 0.9130434782608695,
            "recall": 0.9545454545454546,
            "f1-score": 0.9333333333333333,
            "support": 22.0
        },
        "Breed_1": {
            "precision": 0.9473684210526315,
            "recall": 0.8571428571428571,
            "f1-score": 0.9,
            "support": 21.0
        },
        "Breed_2": {
            "precision": 0.88,
            "recall": 0.8148148148148148,
            "f1-score": 0.8461538461538461,
            "support": 27.0
        },
        "Breed_3": {
            "precision": 0.9565217391304348,
            "recall": 1.0,
            "f1-score": 0.9777777777777777,
            "support": 22.0
        },
        "Breed_4": {
            "precision": 0.9523809523809523,
            "recall": 0.9523809523809523,
            "f1-score": 0.9523809523809523,
            "support": 21.0
        },
        "Breed_5": {
            "precision": 0.7916666666666666,
            "recall": 0.95,
            "f1-score": 0.8636363636363636,
            "support": 20.0
        },
        "Breed_6": {
            "precision": 0.76,
            "recall": 0.95,
            "f1-score": 0.8444444444444444,
            "support": 20.0
        },
        "Breed_7": {
            "precision": 1.0,
            "recall": 1.0,
            "f1-score": 1.0,
            "support": 21.0
        },
        "Breed_8": {
            "precision": 0.8846153846153846,
            "recall": 1.0,
            "f1-score": 0.9387755102040817,
            "support": 23.0
        },
        "Breed_9": {
            "precision": 0.8823529411764706,
            "recall": 1.0,
            "f1-score": 0.9375,
            "support": 15.0
        },
        "Breed_10": {
            "precision": 1.0,
            "recall": 0.8095238095238095,
            "f1-score": 0.8947368421052632,
            "support": 21.0
        },
        "Breed_11": {
            "precision": 1.0,
            "recall": 0.7222222222222222,
            "f1-score": 0.8387096774193549,
            "support": 18.0
        },
        "Breed_12": {
            "precision": 0.8636363636363636,
            "recall": 1.0,
            "f1-score": 0.926829268292683,
            "support": 19.0
        },
        "Breed_13": {
            "precision": 1.0,
            "recall": 1.0,
            "f1-score": 1.0,
            "support": 17.0
        },
        "Breed_14": {
            "precision": 0.9411764705882353,
            "recall": 0.8888888888888888,
            "f1-score": 0.9142857142857143,
            "support": 18.0
        },
        "Breed_15": {
            "precision": 0.8461538461538461,
            "recall": 1.0,
            "f1-score": 0.9166666666666666,
            "support": 11.0
        },
        "Breed_16": {
            "precision": 0.9375,
            "recall": 0.8823529411764706,
            "f1-score": 0.9090909090909091,
            "support": 17.0
        },
        "Breed_17": {
            "precision": 1.0,
            "recall": 0.9333333333333333,
            "f1-score": 0.9655172413793104,
            "support": 15.0
        },
        "Breed_18": {
            "precision": 0.9523809523809523,
            "recall": 0.9090909090909091,
            "f1-score": 0.9302325581395349,
            "support": 22.0
        },
        "Breed_19": {
            "precision": 0.9444444444444444,
            "recall": 1.0,
            "f1-score": 0.9714285714285714,
            "support": 17.0
        },
        "Breed_20": {
            "precision": 0.9473684210526315,
            "recall": 1.0,
            "f1-score": 0.972972972972973,
            "support": 18.0
        },
        "Breed_21": {
            "precision": 0.8,
            "recall": 0.9523809523809523,
            "f1-score": 0.8695652173913043,
            "support": 21.0
        },
        "Breed_22": {
            "precision": 0.9615384615384616,
            "recall": 0.9615384615384616,
            "f1-score": 0.9615384615384616,
            "support": 26.0
        },
        "Breed_23": {
            "precision": 1.0,
            "recall": 0.9230769230769231,
            "f1-score": 0.96,
            "support": 13.0
        },
        "Breed_24": {
            "precision": 0.9473684210526315,
            "recall": 0.8571428571428571,
            "f1-score": 0.9,
            "support": 21.0
        },
        "Breed_25": {
            "precision": 1.0,
            "recall": 1.0,
            "f1-score": 1.0,
            "support": 21.0
        },
        "Breed_26": {
            "precision": 1.0,
            "recall": 0.8064516129032258,
            "f1-score": 0.8928571428571429,
            "support": 31.0
        },
        "Breed_27": {
            "precision": 1.0,
            "recall": 0.9230769230769231,
            "f1-score": 0.96,
            "support": 26.0
        },
        "Breed_28": {
            "precision": 1.0,
            "recall": 0.9375,
            "f1-score": 0.967741935483871,
            "support": 16.0
        },
        "Breed_29": {
            "precision": 1.0,
            "recall": 0.8947368421052632,
            "f1-score": 0.9444444444444444,
            "support": 19.0
        },
        "Breed_30": {
            "precision": 0.8260869565217391,
            "recall": 1.0,
            "f1-score": 0.9047619047619048,
            "support": 19.0
        },
        "Breed_31": {
            "precision": 1.0,
            "recall": 0.9629629629629629,
            "f1-score": 0.9811320754716981,
            "support": 27.0
        },
        "Breed_32": {
            "precision": 0.9473684210526315,
            "recall": 1.0,
            "f1-score": 0.972972972972973,
            "support": 18.0
        },
        "Breed_33": {
            "precision": 1.0,
            "recall": 1.0,
            "f1-score": 1.0,
            "support": 21.0
        },
        "Breed_34": {
            "precision": 0.8125,
            "recall": 0.8666666666666667,
            "f1-score": 0.8387096774193549,
            "support": 15.0
        },
        "Breed_35": {
            "precision": 1.0,
            "recall": 1.0,
            "f1-score": 1.0,
            "support": 20.0
        },
        "Breed_36": {
            "precision": 1.0,
            "recall": 0.9411764705882353,
            "f1-score": 0.9696969696969697,
            "support": 17.0
        },
        "accuracy": 0.9334239130434783,
        "macro avg": {
            "precision": 0.9377154686947391,
            "recall": 0.9365136987989778,
            "f1-score": 0.933997120317565,
            "support": 736.0
        },
        "weighted avg": {
            "precision": 0.9397914419715615,
            "recall": 0.9334239130434783,
            "f1-score": 0.933479696642185,
            "support": 736.0
        }
    },
    "roc_auc": null,
    "pr_auc": null,
    "roc_auc_ovr_weighted": 0.9992875291266583
}