{
    "model_filename": "vit_multiclass_2l+2c_ep_lr5e-05_frac0p10_augFalse_bnFalse_semi.pth",
    "model_architecture": "vit",
    "classification_type": "multiclass",
    "num_classes_model": 37,
    "test_accuracy": 0.845108695652174,
    "test_loss": 0.6359339473040208,
    "classification_report": {
        "Breed_0": {
            "precision": 1.0,
            "recall": 1.0,
            "f1-score": 1.0,
            "support": 22.0
        },
        "Breed_1": {
            "precision": 0.7894736842105263,
            "recall": 0.7142857142857143,
            "f1-score": 0.75,
            "support": 21.0
        },
        "Breed_2": {
            "precision": 0.7931034482758621,
            "recall": 0.8518518518518519,
            "f1-score": 0.8214285714285714,
            "support": 27.0
        },
        "Breed_3": {
            "precision": 0.7586206896551724,
            "recall": 1.0,
            "f1-score": 0.8627450980392157,
            "support": 22.0
        },
        "Breed_4": {
            "precision": 0.9333333333333333,
            "recall": 0.6666666666666666,
            "f1-score": 0.7777777777777778,
            "support": 21.0
        },
        "Breed_5": {
            "precision": 0.7,
            "recall": 0.7,
            "f1-score": 0.7,
            "support": 20.0
        },
        "Breed_6": {
            "precision": 1.0,
            "recall": 0.1,
            "f1-score": 0.18181818181818182,
            "support": 20.0
        },
        "Breed_7": {
            "precision": 0.9130434782608695,
            "recall": 1.0,
            "f1-score": 0.9545454545454546,
            "support": 21.0
        },
        "Breed_8": {
            "precision": 0.7931034482758621,
            "recall": 1.0,
            "f1-score": 0.8846153846153846,
            "support": 23.0
        },
        "Breed_9": {
            "precision": 0.7777777777777778,
            "recall": 0.4666666666666667,
            "f1-score": 0.5833333333333334,
            "support": 15.0
        },
        "Breed_10": {
            "precision": 0.9411764705882353,
            "recall": 0.7619047619047619,
            "f1-score": 0.8421052631578947,
            "support": 21.0
        },
        "Breed_11": {
            "precision": 0.7058823529411765,
            "recall": 0.6666666666666666,
            "f1-score": 0.6857142857142857,
            "support": 18.0
        },
        "Breed_12": {
            "precision": 0.7037037037037037,
            "recall": 1.0,
            "f1-score": 0.8260869565217391,
            "support": 19.0
        },
        "Breed_13": {
            "precision": 1.0,
            "recall": 1.0,
            "f1-score": 1.0,
            "support": 17.0
        },
        "Breed_14": {
            "precision": 1.0,
            "recall": 0.8333333333333334,
            "f1-score": 0.9090909090909091,
            "support": 18.0
        },
        "Breed_15": {
            "precision": 1.0,
            "recall": 0.9090909090909091,
            "f1-score": 0.9523809523809523,
            "support": 11.0
        },
        "Breed_16": {
            "precision": 0.8571428571428571,
            "recall": 0.7058823529411765,
            "f1-score": 0.7741935483870968,
            "support": 17.0
        },
        "Breed_17": {
            "precision": 1.0,
            "recall": 1.0,
            "f1-score": 1.0,
            "support": 15.0
        },
        "Breed_18": {
            "precision": 0.9565217391304348,
            "recall": 1.0,
            "f1-score": 0.9777777777777777,
            "support": 22.0
        },
        "Breed_19": {
            "precision": 0.9444444444444444,
            "recall": 1.0,
            "f1-score": 0.9714285714285714,
            "support": 17.0
        },
        "Breed_20": {
            "precision": 0.7647058823529411,
            "recall": 0.7222222222222222,
            "f1-score": 0.7428571428571429,
            "support": 18.0
        },
        "Breed_21": {
            "precision": 0.7777777777777778,
            "recall": 1.0,
            "f1-score": 0.875,
            "support": 21.0
        },
        "Breed_22": {
            "precision": 0.9545454545454546,
            "recall": 0.8076923076923077,
            "f1-score": 0.875,
            "support": 26.0
        },
        "Breed_23": {
            "precision": 0.8333333333333334,
            "recall": 0.38461538461538464,
            "f1-score": 0.5263157894736842,
            "support": 13.0
        },
        "Breed_24": {
            "precision": 1.0,
            "recall": 0.8095238095238095,
            "f1-score": 0.8947368421052632,
            "support": 21.0
        },
        "Breed_25": {
            "precision": 0.9545454545454546,
            "recall": 1.0,
            "f1-score": 0.9767441860465116,
            "support": 21.0
        },
        "Breed_26": {
            "precision": 0.625,
            "recall": 0.967741935483871,
            "f1-score": 0.759493670886076,
            "support": 31.0
        },
        "Breed_27": {
            "precision": 0.7272727272727273,
            "recall": 0.9230769230769231,
            "f1-score": 0.8135593220338984,
            "support": 26.0
        },
        "Breed_28": {
            "precision": 0.8888888888888888,
            "recall": 1.0,
            "f1-score": 0.9411764705882353,
            "support": 16.0
        },
        "Breed_29": {
            "precision": 0.7307692307692307,
            "recall": 1.0,
            "f1-score": 0.8444444444444444,
            "support": 19.0
        },
        "Breed_30": {
            "precision": 0.9375,
            "recall": 0.7894736842105263,
            "f1-score": 0.8571428571428571,
            "support": 19.0
        },
        "Breed_31": {
            "precision": 1.0,
            "recall": 0.8888888888888888,
            "f1-score": 0.9411764705882353,
            "support": 27.0
        },
        "Breed_32": {
            "precision": 0.72,
            "recall": 1.0,
            "f1-score": 0.8372093023255814,
            "support": 18.0
        },
        "Breed_33": {
            "precision": 0.8636363636363636,
            "recall": 0.9047619047619048,
            "f1-score": 0.8837209302325582,
            "support": 21.0
        },
        "Breed_34": {
            "precision": 1.0,
            "recall": 0.3333333333333333,
            "f1-score": 0.5,
            "support": 15.0
        },
        "Breed_35": {
            "precision": 0.9523809523809523,
            "recall": 1.0,
            "f1-score": 0.975609756097561,
            "support": 20.0
        },
        "Breed_36": {
            "precision": 0.9411764705882353,
            "recall": 0.9411764705882353,
            "f1-score": 0.9411764705882353,
            "support": 17.0
        },
        "accuracy": 0.845108695652174,
        "macro avg": {
            "precision": 0.8713205395630165,
            "recall": 0.833752859129869,
            "f1-score": 0.8281190735520928,
            "support": 736.0
        },
        "weighted avg": {
            "precision": 0.8655138529495356,
            "recall": 0.845108695652174,
            "f1-score": 0.8322647193449748,
            "support": 736.0
        }
    },
    "roc_auc": null,
    "pr_auc": null,
    "roc_auc_ovr_weighted": 0.9948735027186462
}