{
    "model_filename": "vit_multiclass_5ep_lr5e-05_sup_vitlayersGradualUnfreeze_augTrue_bnFalse_gradmon.pth",
    "model_architecture": "vit",
    "classification_type": "multiclass",
    "num_classes_model": 37,
    "test_accuracy": 0.938858695652174,
    "test_loss": 0.20627813219376231,
    "classification_report": {
        "Breed_0": {
            "precision": 1.0,
            "recall": 1.0,
            "f1-score": 1.0,
            "support": 22.0
        },
        "Breed_1": {
            "precision": 0.8571428571428571,
            "recall": 0.8571428571428571,
            "f1-score": 0.8571428571428571,
            "support": 21.0
        },
        "Breed_2": {
            "precision": 0.8076923076923077,
            "recall": 0.7777777777777778,
            "f1-score": 0.7924528301886793,
            "support": 27.0
        },
        "Breed_3": {
            "precision": 0.9565217391304348,
            "recall": 1.0,
            "f1-score": 0.9777777777777777,
            "support": 22.0
        },
        "Breed_4": {
            "precision": 1.0,
            "recall": 0.8571428571428571,
            "f1-score": 0.9230769230769231,
            "support": 21.0
        },
        "Breed_5": {
            "precision": 1.0,
            "recall": 0.85,
            "f1-score": 0.918918918918919,
            "support": 20.0
        },
        "Breed_6": {
            "precision": 0.8181818181818182,
            "recall": 0.9,
            "f1-score": 0.8571428571428571,
            "support": 20.0
        },
        "Breed_7": {
            "precision": 1.0,
            "recall": 1.0,
            "f1-score": 1.0,
            "support": 21.0
        },
        "Breed_8": {
            "precision": 0.9130434782608695,
            "recall": 0.9130434782608695,
            "f1-score": 0.9130434782608695,
            "support": 23.0
        },
        "Breed_9": {
            "precision": 0.9285714285714286,
            "recall": 0.8666666666666667,
            "f1-score": 0.896551724137931,
            "support": 15.0
        },
        "Breed_10": {
            "precision": 0.95,
            "recall": 0.9047619047619048,
            "f1-score": 0.926829268292683,
            "support": 21.0
        },
        "Breed_11": {
            "precision": 0.85,
            "recall": 0.9444444444444444,
            "f1-score": 0.8947368421052632,
            "support": 18.0
        },
        "Breed_12": {
            "precision": 0.9,
            "recall": 0.9473684210526315,
            "f1-score": 0.9230769230769231,
            "support": 19.0
        },
        "Breed_13": {
            "precision": 1.0,
            "recall": 1.0,
            "f1-score": 1.0,
            "support": 17.0
        },
        "Breed_14": {
            "precision": 1.0,
            "recall": 0.8333333333333334,
            "f1-score": 0.9090909090909091,
            "support": 18.0
        },
        "Breed_15": {
            "precision": 0.9166666666666666,
            "recall": 1.0,
            "f1-score": 0.9565217391304348,
            "support": 11.0
        },
        "Breed_16": {
            "precision": 0.9411764705882353,
            "recall": 0.9411764705882353,
            "f1-score": 0.9411764705882353,
            "support": 17.0
        },
        "Breed_17": {
            "precision": 0.9333333333333333,
            "recall": 0.9333333333333333,
            "f1-score": 0.9333333333333333,
            "support": 15.0
        },
        "Breed_18": {
            "precision": 0.95,
            "recall": 0.8636363636363636,
            "f1-score": 0.9047619047619048,
            "support": 22.0
        },
        "Breed_19": {
            "precision": 0.9444444444444444,
            "recall": 1.0,
            "f1-score": 0.9714285714285714,
            "support": 17.0
        },
        "Breed_20": {
            "precision": 0.9473684210526315,
            "recall": 1.0,
            "f1-score": 0.972972972972973,
            "support": 18.0
        },
        "Breed_21": {
            "precision": 0.8076923076923077,
            "recall": 1.0,
            "f1-score": 0.8936170212765957,
            "support": 21.0
        },
        "Breed_22": {
            "precision": 0.9629629629629629,
            "recall": 1.0,
            "f1-score": 0.9811320754716981,
            "support": 26.0
        },
        "Breed_23": {
            "precision": 1.0,
            "recall": 1.0,
            "f1-score": 1.0,
            "support": 13.0
        },
        "Breed_24": {
            "precision": 0.9523809523809523,
            "recall": 0.9523809523809523,
            "f1-score": 0.9523809523809523,
            "support": 21.0
        },
        "Breed_25": {
            "precision": 1.0,
            "recall": 1.0,
            "f1-score": 1.0,
            "support": 21.0
        },
        "Breed_26": {
            "precision": 0.9655172413793104,
            "recall": 0.9032258064516129,
            "f1-score": 0.9333333333333333,
            "support": 31.0
        },
        "Breed_27": {
            "precision": 0.9259259259259259,
            "recall": 0.9615384615384616,
            "f1-score": 0.9433962264150944,
            "support": 26.0
        },
        "Breed_28": {
            "precision": 1.0,
            "recall": 0.9375,
            "f1-score": 0.967741935483871,
            "support": 16.0
        },
        "Breed_29": {
            "precision": 1.0,
            "recall": 1.0,
            "f1-score": 1.0,
            "support": 19.0
        },
        "Breed_30": {
            "precision": 0.95,
            "recall": 1.0,
            "f1-score": 0.9743589743589743,
            "support": 19.0
        },
        "Breed_31": {
            "precision": 1.0,
            "recall": 0.9259259259259259,
            "f1-score": 0.9615384615384616,
            "support": 27.0
        },
        "Breed_32": {
            "precision": 0.9473684210526315,
            "recall": 1.0,
            "f1-score": 0.972972972972973,
            "support": 18.0
        },
        "Breed_33": {
            "precision": 1.0,
            "recall": 1.0,
            "f1-score": 1.0,
            "support": 21.0
        },
        "Breed_34": {
            "precision": 0.7058823529411765,
            "recall": 0.8,
            "f1-score": 0.75,
            "support": 15.0
        },
        "Breed_35": {
            "precision": 1.0,
            "recall": 1.0,
            "f1-score": 1.0,
            "support": 20.0
        },
        "Breed_36": {
            "precision": 1.0,
            "recall": 0.9411764705882353,
            "f1-score": 0.9696969696969697,
            "support": 17.0
        },
        "accuracy": 0.938858695652174,
        "macro avg": {
            "precision": 0.9414019764702782,
            "recall": 0.9408533925682826,
            "f1-score": 0.9397352763339721,
            "support": 736.0
        },
        "weighted avg": {
            "precision": 0.9419557741264662,
            "recall": 0.938858695652174,
            "f1-score": 0.9390355418762522,
            "support": 736.0
        }
    },
    "roc_auc": null,
    "pr_auc": null,
    "roc_auc_ovr_weighted": 0.9991507047578538
}