{
    "model_filename": "vit_binary_1ep_lr1e-05_sup_augFalse_bnFalse.pth",
    "model_architecture": "vit",
    "classification_type": "binary",
    "num_classes_model": 1,
    "test_accuracy": 0.7622282608695652,
    "test_loss": 0.5668743395287058,
    "classification_report": {
        "Cat": {
            "precision": 0.673469387755102,
            "recall": 0.5432098765432098,
            "f1-score": 0.6013667425968109,
            "support": 243.0
        },
        "Dog": {
            "precision": 0.7944444444444444,
            "recall": 0.8701825557809331,
            "f1-score": 0.8305905130687319,
            "support": 493.0
        },
        "accuracy": 0.7622282608695652,
        "macro avg": {
            "precision": 0.7339569160997732,
            "recall": 0.7066962161620715,
            "f1-score": 0.7159786278327713,
            "support": 736.0
        },
        "weighted avg": {
            "precision": 0.754502951542936,
            "recall": 0.7622282608695652,
            "f1-score": 0.7549092953721602,
            "support": 736.0
        }
    },
    "roc_auc": 0.8331121294835516,
    "pr_auc": 0.9178774161430054,
    "roc_auc_ovr_weighted": null
}