{
    "model_filename": "vit_multiclass_2ep_lr5e-05_sup_vitlayers6_augFalse_bnFalse_gradmon.pth",
    "model_architecture": "vit",
    "classification_type": "multiclass",
    "num_classes_model": 37,
    "test_accuracy": 0.9402173913043478,
    "test_loss": 0.18788437626284102,
    "classification_report": {
        "Breed_0": {
            "precision": 0.9565217391304348,
            "recall": 1.0,
            "f1-score": 0.9777777777777777,
            "support": 22.0
        },
        "Breed_1": {
            "precision": 0.9090909090909091,
            "recall": 0.9523809523809523,
            "f1-score": 0.9302325581395349,
            "support": 21.0
        },
        "Breed_2": {
            "precision": 0.9523809523809523,
            "recall": 0.7407407407407407,
            "f1-score": 0.8333333333333334,
            "support": 27.0
        },
        "Breed_3": {
            "precision": 0.9166666666666666,
            "recall": 1.0,
            "f1-score": 0.9565217391304348,
            "support": 22.0
        },
        "Breed_4": {
            "precision": 1.0,
            "recall": 0.8571428571428571,
            "f1-score": 0.9230769230769231,
            "support": 21.0
        },
        "Breed_5": {
            "precision": 0.8636363636363636,
            "recall": 0.95,
            "f1-score": 0.9047619047619048,
            "support": 20.0
        },
        "Breed_6": {
            "precision": 0.7916666666666666,
            "recall": 0.95,
            "f1-score": 0.8636363636363636,
            "support": 20.0
        },
        "Breed_7": {
            "precision": 1.0,
            "recall": 1.0,
            "f1-score": 1.0,
            "support": 21.0
        },
        "Breed_8": {
            "precision": 0.9166666666666666,
            "recall": 0.9565217391304348,
            "f1-score": 0.9361702127659575,
            "support": 23.0
        },
        "Breed_9": {
            "precision": 0.875,
            "recall": 0.9333333333333333,
            "f1-score": 0.9032258064516129,
            "support": 15.0
        },
        "Breed_10": {
            "precision": 0.95,
            "recall": 0.9047619047619048,
            "f1-score": 0.926829268292683,
            "support": 21.0
        },
        "Breed_11": {
            "precision": 0.9375,
            "recall": 0.8333333333333334,
            "f1-score": 0.8823529411764706,
            "support": 18.0
        },
        "Breed_12": {
            "precision": 1.0,
            "recall": 0.8947368421052632,
            "f1-score": 0.9444444444444444,
            "support": 19.0
        },
        "Breed_13": {
            "precision": 0.9444444444444444,
            "recall": 1.0,
            "f1-score": 0.9714285714285714,
            "support": 17.0
        },
        "Breed_14": {
            "precision": 1.0,
            "recall": 1.0,
            "f1-score": 1.0,
            "support": 18.0
        },
        "Breed_15": {
            "precision": 0.8461538461538461,
            "recall": 1.0,
            "f1-score": 0.9166666666666666,
            "support": 11.0
        },
        "Breed_16": {
            "precision": 0.9444444444444444,
            "recall": 1.0,
            "f1-score": 0.9714285714285714,
            "support": 17.0
        },
        "Breed_17": {
            "precision": 1.0,
            "recall": 0.9333333333333333,
            "f1-score": 0.9655172413793104,
            "support": 15.0
        },
        "Breed_18": {
            "precision": 0.9565217391304348,
            "recall": 1.0,
            "f1-score": 0.9777777777777777,
            "support": 22.0
        },
        "Breed_19": {
            "precision": 1.0,
            "recall": 1.0,
            "f1-score": 1.0,
            "support": 17.0
        },
        "Breed_20": {
            "precision": 0.8095238095238095,
            "recall": 0.9444444444444444,
            "f1-score": 0.8717948717948718,
            "support": 18.0
        },
        "Breed_21": {
            "precision": 0.8076923076923077,
            "recall": 1.0,
            "f1-score": 0.8936170212765957,
            "support": 21.0
        },
        "Breed_22": {
            "precision": 0.896551724137931,
            "recall": 1.0,
            "f1-score": 0.9454545454545454,
            "support": 26.0
        },
        "Breed_23": {
            "precision": 0.8571428571428571,
            "recall": 0.9230769230769231,
            "f1-score": 0.8888888888888888,
            "support": 13.0
        },
        "Breed_24": {
            "precision": 1.0,
            "recall": 0.8571428571428571,
            "f1-score": 0.9230769230769231,
            "support": 21.0
        },
        "Breed_25": {
            "precision": 1.0,
            "recall": 1.0,
            "f1-score": 1.0,
            "support": 21.0
        },
        "Breed_26": {
            "precision": 1.0,
            "recall": 0.7741935483870968,
            "f1-score": 0.8727272727272727,
            "support": 31.0
        },
        "Breed_27": {
            "precision": 1.0,
            "recall": 0.9230769230769231,
            "f1-score": 0.96,
            "support": 26.0
        },
        "Breed_28": {
            "precision": 1.0,
            "recall": 1.0,
            "f1-score": 1.0,
            "support": 16.0
        },
        "Breed_29": {
            "precision": 1.0,
            "recall": 0.9473684210526315,
            "f1-score": 0.972972972972973,
            "support": 19.0
        },
        "Breed_30": {
            "precision": 1.0,
            "recall": 1.0,
            "f1-score": 1.0,
            "support": 19.0
        },
        "Breed_31": {
            "precision": 1.0,
            "recall": 0.9629629629629629,
            "f1-score": 0.9811320754716981,
            "support": 27.0
        },
        "Breed_32": {
            "precision": 0.9444444444444444,
            "recall": 0.9444444444444444,
            "f1-score": 0.9444444444444444,
            "support": 18.0
        },
        "Breed_33": {
            "precision": 1.0,
            "recall": 1.0,
            "f1-score": 1.0,
            "support": 21.0
        },
        "Breed_34": {
            "precision": 0.75,
            "recall": 0.8,
            "f1-score": 0.7741935483870968,
            "support": 15.0
        },
        "Breed_35": {
            "precision": 1.0,
            "recall": 1.0,
            "f1-score": 1.0,
            "support": 20.0
        },
        "Breed_36": {
            "precision": 1.0,
            "recall": 0.9411764705882353,
            "f1-score": 0.9696969696969697,
            "support": 17.0
        },
        "accuracy": 0.9402173913043478,
        "macro avg": {
            "precision": 0.9412445832798155,
            "recall": 0.9438965413902342,
            "f1-score": 0.940085990158395,
            "support": 736.0
        },
        "weighted avg": {
            "precision": 0.9454526961347939,
            "recall": 0.9402173913043478,
            "f1-score": 0.9400651444291899,
            "support": 736.0
        }
    },
    "roc_auc": null,
    "pr_auc": null,
    "roc_auc_ovr_weighted": 0.9993479089651295
}